Model,y_true,y_pred,prob_yes,correct,uncertainty_score,is_ambiguous,confidence_strength
Improved MLP,1,0,0.00034369345,0,0.49965632,0,0.49965632
Improved MLP,1,0,0.002347064,0,0.49765295,0,0.49765295
Improved MLP,1,0,0.0024812247,0,0.49751878,0,0.49751878
Improved MLP,1,0,0.0046463087,0,0.4953537,0,0.4953537
Improved MLP,1,0,0.0055925166,0,0.49440747,0,0.49440747
Improved MLP,1,0,0.0062399562,0,0.49376005,0,0.49376005
Improved MLP,1,0,0.0067319507,0,0.49326804,0,0.49326804
Improved MLP,1,0,0.007786148,0,0.49221385,0,0.49221385
Improved MLP,1,0,0.013706414,0,0.48629358,0,0.48629358
Improved MLP,1,0,0.015661627,0,0.48433837,0,0.48433837
Improved MLP,1,0,0.017824454,0,0.48217556,0,0.48217556
Improved MLP,1,0,0.018108716,0,0.48189127,0,0.48189127
Improved MLP,1,0,0.019347124,0,0.48065287,0,0.48065287
Improved MLP,1,0,0.019377869,0,0.48062214,0,0.48062214
Improved MLP,1,0,0.020014558,0,0.47998545,0,0.47998545
Improved MLP,1,0,0.020351369,0,0.47964862,0,0.47964862
Improved MLP,0,1,0.9738788,0,0.4738788,0,0.4738788
Improved MLP,1,0,0.031557526,0,0.46844247,0,0.46844247
Improved MLP,0,1,0.9658743,0,0.4658743,0,0.4658743
Improved MLP,1,0,0.03592551,0,0.4640745,0,0.4640745
Improved MLP,0,1,0.9635554,0,0.4635554,0,0.4635554
Improved MLP,0,1,0.9601283,0,0.4601283,0,0.4601283
Improved MLP,1,0,0.043802217,0,0.4561978,0,0.4561978
Improved MLP,1,0,0.04397147,0,0.45602852,0,0.45602852
Improved MLP,0,1,0.95247984,0,0.45247984,0,0.45247984
Improved MLP,1,0,0.048881907,0,0.45111808,0,0.45111808
Improved MLP,0,1,0.9493813,0,0.4493813,0,0.4493813
Improved MLP,1,0,0.05065497,0,0.44934502,0,0.44934502
Improved MLP,1,0,0.050838955,0,0.44916105,0,0.44916105
Improved MLP,0,1,0.94864047,0,0.44864047,0,0.44864047
Improved MLP,0,1,0.9472451,0,0.44724512,0,0.44724512
Improved MLP,0,1,0.9449354,0,0.44493538,0,0.44493538
Improved MLP,0,1,0.94268876,0,0.44268876,0,0.44268876
Improved MLP,0,1,0.94050264,0,0.44050264,0,0.44050264
Improved MLP,0,1,0.94045687,0,0.44045687,0,0.44045687
Improved MLP,0,1,0.9403174,0,0.4403174,0,0.4403174
Improved MLP,0,1,0.94026,0,0.44026,0,0.44026
Improved MLP,0,1,0.939978,0,0.439978,0,0.439978
Improved MLP,1,0,0.060546838,0,0.43945315,0,0.43945315
Improved MLP,1,0,0.061168615,0,0.4388314,0,0.4388314
Improved MLP,0,1,0.93674546,0,0.43674546,0,0.43674546
Improved MLP,0,1,0.9356638,0,0.43566382,0,0.43566382
Improved MLP,0,1,0.93496144,0,0.43496144,0,0.43496144
Improved MLP,1,0,0.06538713,0,0.43461287,0,0.43461287
Improved MLP,0,1,0.93352836,0,0.43352836,0,0.43352836
Improved MLP,0,1,0.9333246,0,0.43332458,0,0.43332458
Improved MLP,0,1,0.932196,0,0.43219602,0,0.43219602
Improved MLP,0,1,0.93047494,0,0.43047494,0,0.43047494
Improved MLP,0,1,0.9294746,0,0.4294746,0,0.4294746
Improved MLP,0,1,0.9283259,0,0.4283259,0,0.4283259
Improved MLP,1,0,0.072018065,0,0.42798194,0,0.42798194
Improved MLP,0,1,0.9277585,0,0.4277585,0,0.4277585
Improved MLP,0,1,0.92670083,0,0.42670083,0,0.42670083
Improved MLP,0,1,0.92615193,0,0.42615193,0,0.42615193
Improved MLP,0,1,0.92575204,0,0.42575204,0,0.42575204
Improved MLP,0,1,0.92419046,0,0.42419046,0,0.42419046
Improved MLP,0,1,0.92339504,0,0.42339504,0,0.42339504
Improved MLP,0,1,0.9233228,0,0.4233228,0,0.4233228
Improved MLP,0,1,0.9216364,0,0.4216364,0,0.4216364
Improved MLP,0,1,0.9207115,0,0.42071152,0,0.42071152
Improved MLP,0,1,0.9199338,0,0.4199338,0,0.4199338
Improved MLP,0,1,0.91877013,0,0.41877013,0,0.41877013
Improved MLP,1,0,0.08160196,0,0.41839802,0,0.41839802
Improved MLP,0,1,0.9178281,0,0.41782808,0,0.41782808
Improved MLP,0,1,0.9162575,0,0.4162575,0,0.4162575
Improved MLP,0,1,0.915804,0,0.41580403,0,0.41580403
Improved MLP,0,1,0.91560733,0,0.41560733,0,0.41560733
Improved MLP,0,1,0.9153849,0,0.4153849,0,0.4153849
Improved MLP,0,1,0.91482186,0,0.41482186,0,0.41482186
Improved MLP,0,1,0.91473514,0,0.41473514,0,0.41473514
Improved MLP,0,1,0.9113537,0,0.4113537,0,0.4113537
Improved MLP,0,1,0.9111066,0,0.4111066,0,0.4111066
Improved MLP,0,1,0.9110204,0,0.4110204,0,0.4110204
Improved MLP,0,1,0.9102224,0,0.4102224,0,0.4102224
Improved MLP,0,1,0.909469,0,0.409469,0,0.409469
Improved MLP,0,1,0.9079727,0,0.4079727,0,0.4079727
Improved MLP,0,1,0.9075249,0,0.40752488,0,0.40752488
Improved MLP,1,0,0.09264135,0,0.40735865,0,0.40735865
Improved MLP,0,1,0.90687734,0,0.40687734,0,0.40687734
Improved MLP,0,1,0.9066484,0,0.4066484,0,0.4066484
Improved MLP,0,1,0.9056484,0,0.4056484,0,0.4056484
Improved MLP,0,1,0.90551317,0,0.40551317,0,0.40551317
Improved MLP,0,1,0.9054023,0,0.4054023,0,0.4054023
Improved MLP,0,1,0.9039885,0,0.40398848,0,0.40398848
Improved MLP,0,1,0.90354717,0,0.40354717,0,0.40354717
Improved MLP,0,1,0.90301853,0,0.40301853,0,0.40301853
Improved MLP,0,1,0.9009274,0,0.40092742,0,0.40092742
Improved MLP,0,1,0.90080905,0,0.40080905,0,0.40080905
Improved MLP,0,1,0.89936876,0,0.39936876,0,0.39936876
Improved MLP,0,1,0.89856106,0,0.39856106,0,0.39856106
Improved MLP,0,1,0.897805,0,0.39780498,0,0.39780498
Improved MLP,0,1,0.8973907,0,0.39739072,0,0.39739072
Improved MLP,0,1,0.8972726,0,0.3972726,0,0.3972726
Improved MLP,0,1,0.8969445,0,0.39694452,0,0.39694452
Improved MLP,0,1,0.89657265,0,0.39657265,0,0.39657265
Improved MLP,0,1,0.89639574,0,0.39639574,0,0.39639574
Improved MLP,0,1,0.8961193,0,0.3961193,0,0.3961193
Improved MLP,0,1,0.8958518,0,0.3958518,0,0.3958518
Improved MLP,0,1,0.8954547,0,0.3954547,0,0.3954547
Improved MLP,0,1,0.8951065,0,0.3951065,0,0.3951065
Improved MLP,0,1,0.8942631,0,0.3942631,0,0.3942631
Improved MLP,0,1,0.89421785,0,0.39421785,0,0.39421785
Improved MLP,0,1,0.8938599,0,0.39385992,0,0.39385992
Improved MLP,0,1,0.89382243,0,0.39382243,0,0.39382243
Improved MLP,0,1,0.8931411,0,0.3931411,0,0.3931411
Improved MLP,0,1,0.89296204,0,0.39296204,0,0.39296204
Improved MLP,0,1,0.8923867,0,0.39238667,0,0.39238667
Improved MLP,0,1,0.89190793,0,0.39190793,0,0.39190793
Improved MLP,0,1,0.8919005,0,0.39190048,0,0.39190048
Improved MLP,0,1,0.8917332,0,0.39173323,0,0.39173323
Improved MLP,0,1,0.8914,0,0.39139998,0,0.39139998
Improved MLP,0,1,0.8908817,0,0.39088172,0,0.39088172
Improved MLP,0,1,0.8907925,0,0.3907925,0,0.3907925
Improved MLP,0,1,0.8903653,0,0.3903653,0,0.3903653
Improved MLP,0,1,0.89010125,0,0.39010125,0,0.39010125
Improved MLP,0,1,0.8895856,0,0.3895856,0,0.3895856
Improved MLP,0,1,0.88957393,0,0.38957393,0,0.38957393
Improved MLP,0,1,0.8895639,0,0.38956392,0,0.38956392
Improved MLP,0,1,0.889457,0,0.389457,0,0.389457
Improved MLP,0,1,0.8886097,0,0.3886097,0,0.3886097
Improved MLP,0,1,0.88815,0,0.38814998,0,0.38814998
Improved MLP,0,1,0.88794404,0,0.38794404,0,0.38794404
Improved MLP,0,1,0.8877857,0,0.38778567,0,0.38778567
Improved MLP,0,1,0.88774675,0,0.38774675,0,0.38774675
Improved MLP,0,1,0.8871614,0,0.38716137,0,0.38716137
Improved MLP,0,1,0.8867641,0,0.3867641,0,0.3867641
Improved MLP,0,1,0.8865801,0,0.3865801,0,0.3865801
Improved MLP,0,1,0.8863435,0,0.38634348,0,0.38634348
Improved MLP,0,1,0.886343,0,0.386343,0,0.386343
Improved MLP,0,1,0.8859115,0,0.38591152,0,0.38591152
Improved MLP,0,1,0.8851884,0,0.3851884,0,0.3851884
Improved MLP,0,1,0.8848867,0,0.38488668,0,0.38488668
Improved MLP,0,1,0.8847833,0,0.38478333,0,0.38478333
Improved MLP,0,1,0.8844067,0,0.3844067,0,0.3844067
Improved MLP,0,1,0.88436496,0,0.38436496,0,0.38436496
Improved MLP,0,1,0.88396984,0,0.38396984,0,0.38396984
Improved MLP,0,1,0.88389134,0,0.38389134,0,0.38389134
Improved MLP,0,1,0.88281804,0,0.38281804,0,0.38281804
Improved MLP,0,1,0.8827582,0,0.3827582,0,0.3827582
Improved MLP,0,1,0.88150656,0,0.38150656,0,0.38150656
Improved MLP,0,1,0.8806041,0,0.3806041,0,0.3806041
Improved MLP,0,1,0.88057715,0,0.38057715,0,0.38057715
Improved MLP,0,1,0.8798649,0,0.37986487,0,0.37986487
Improved MLP,0,1,0.879794,0,0.379794,0,0.379794
Improved MLP,1,0,0.12045138,0,0.3795486,0,0.3795486
Improved MLP,0,1,0.87951833,0,0.37951833,0,0.37951833
Improved MLP,0,1,0.8793665,0,0.37936652,0,0.37936652
Improved MLP,0,1,0.8793116,0,0.37931162,0,0.37931162
Improved MLP,0,1,0.879151,0,0.379151,0,0.379151
Improved MLP,0,1,0.87905264,0,0.37905264,0,0.37905264
Improved MLP,0,1,0.8789758,0,0.3789758,0,0.3789758
Improved MLP,0,1,0.8785879,0,0.3785879,0,0.3785879
Improved MLP,0,1,0.8782946,0,0.3782946,0,0.3782946
Improved MLP,0,1,0.87824696,0,0.37824696,0,0.37824696
Improved MLP,0,1,0.87753737,0,0.37753737,0,0.37753737
Improved MLP,0,1,0.87725514,0,0.37725514,0,0.37725514
Improved MLP,0,1,0.8772379,0,0.37723792,0,0.37723792
Improved MLP,0,1,0.8770415,0,0.37704152,0,0.37704152
Improved MLP,0,1,0.87700367,0,0.37700367,0,0.37700367
Improved MLP,0,1,0.87609595,0,0.37609595,0,0.37609595
Improved MLP,0,1,0.8760926,0,0.3760926,0,0.3760926
Improved MLP,0,1,0.87590533,0,0.37590533,0,0.37590533
Improved MLP,1,0,0.12503082,0,0.37496918,0,0.37496918
Improved MLP,0,1,0.87469536,0,0.37469536,0,0.37469536
Improved MLP,0,1,0.8746905,0,0.37469047,0,0.37469047
Improved MLP,0,1,0.8744295,0,0.37442952,0,0.37442952
Improved MLP,0,1,0.8740575,0,0.37405747,0,0.37405747
Improved MLP,0,1,0.8740004,0,0.37400037,0,0.37400037
Improved MLP,0,1,0.8736395,0,0.37363952,0,0.37363952
Improved MLP,0,1,0.8727112,0,0.37271118,0,0.37271118
Improved MLP,0,1,0.8725535,0,0.37255353,0,0.37255353
Improved MLP,0,1,0.8725149,0,0.3725149,0,0.3725149
Improved MLP,0,1,0.87233585,0,0.37233585,0,0.37233585
Improved MLP,0,1,0.87211,0,0.37211,0,0.37211
Improved MLP,0,1,0.8719592,0,0.3719592,0,0.3719592
Improved MLP,0,1,0.8716583,0,0.37165833,0,0.37165833
Improved MLP,0,1,0.8714106,0,0.3714106,0,0.3714106
Improved MLP,1,0,0.12908486,0,0.37091514,0,0.37091514
Improved MLP,0,1,0.87060094,0,0.37060094,0,0.37060094
Improved MLP,0,1,0.8704172,0,0.37041718,0,0.37041718
Improved MLP,0,1,0.8698912,0,0.36989123,0,0.36989123
Improved MLP,0,1,0.8697456,0,0.3697456,0,0.3697456
Improved MLP,0,1,0.86946017,0,0.36946017,0,0.36946017
Improved MLP,0,1,0.8693925,0,0.3693925,0,0.3693925
Improved MLP,0,1,0.8690779,0,0.36907792,0,0.36907792
Improved MLP,0,1,0.8687894,0,0.36878937,0,0.36878937
Improved MLP,0,1,0.86831284,0,0.36831284,0,0.36831284
Improved MLP,0,1,0.8679977,0,0.3679977,0,0.3679977
Improved MLP,0,1,0.8675562,0,0.3675562,0,0.3675562
Improved MLP,0,1,0.8674446,0,0.36744457,0,0.36744457
Improved MLP,0,1,0.8672756,0,0.3672756,0,0.3672756
Improved MLP,0,1,0.86704075,0,0.36704075,0,0.36704075
Improved MLP,0,1,0.8664084,0,0.3664084,0,0.3664084
Improved MLP,0,1,0.8662631,0,0.3662631,0,0.3662631
Improved MLP,0,1,0.8659789,0,0.3659789,0,0.3659789
Improved MLP,1,0,0.13406236,0,0.36593765,0,0.36593765
Improved MLP,0,1,0.8657411,0,0.36574107,0,0.36574107
Improved MLP,1,0,0.13445002,0,0.36554998,0,0.36554998
Improved MLP,0,1,0.8652401,0,0.3652401,0,0.3652401
Improved MLP,0,1,0.86505437,0,0.36505437,0,0.36505437
Improved MLP,0,1,0.8645496,0,0.36454958,0,0.36454958
Improved MLP,0,1,0.8638651,0,0.36386508,0,0.36386508
Improved MLP,0,1,0.86380666,0,0.36380666,0,0.36380666
Improved MLP,0,1,0.86360395,0,0.36360395,0,0.36360395
Improved MLP,0,1,0.8633087,0,0.36330873,0,0.36330873
Improved MLP,0,1,0.8631404,0,0.3631404,0,0.3631404
Improved MLP,0,1,0.86265314,0,0.36265314,0,0.36265314
Improved MLP,0,1,0.86234707,0,0.36234707,0,0.36234707
Improved MLP,0,1,0.86218363,0,0.36218363,0,0.36218363
Improved MLP,0,1,0.8621154,0,0.36211538,0,0.36211538
Improved MLP,0,1,0.86206025,0,0.36206025,0,0.36206025
Improved MLP,0,1,0.861479,0,0.36147898,0,0.36147898
Improved MLP,0,1,0.86128217,0,0.36128217,0,0.36128217
Improved MLP,0,1,0.8608891,0,0.36088908,0,0.36088908
Improved MLP,0,1,0.86088216,0,0.36088216,0,0.36088216
Improved MLP,0,1,0.8606945,0,0.36069453,0,0.36069453
Improved MLP,0,1,0.8604831,0,0.3604831,0,0.3604831
Improved MLP,0,1,0.8603847,0,0.3603847,0,0.3603847
Improved MLP,0,1,0.86034435,0,0.36034435,0,0.36034435
Improved MLP,0,1,0.8603088,0,0.36030883,0,0.36030883
Improved MLP,0,1,0.86020607,0,0.36020607,0,0.36020607
Improved MLP,0,1,0.8594199,0,0.35941988,0,0.35941988
Improved MLP,0,1,0.85859805,0,0.35859805,0,0.35859805
Improved MLP,0,1,0.85854405,0,0.35854405,0,0.35854405
Improved MLP,0,1,0.85800976,0,0.35800976,0,0.35800976
Improved MLP,0,1,0.8579287,0,0.3579287,0,0.3579287
Improved MLP,0,1,0.8577894,0,0.3577894,0,0.3577894
Improved MLP,0,1,0.8576687,0,0.3576687,0,0.3576687
Improved MLP,0,1,0.85741425,0,0.35741425,0,0.35741425
Improved MLP,0,1,0.85724515,0,0.35724515,0,0.35724515
Improved MLP,0,1,0.857175,0,0.357175,0,0.357175
Improved MLP,0,1,0.8570851,0,0.3570851,0,0.3570851
Improved MLP,0,1,0.85694814,0,0.35694814,0,0.35694814
Improved MLP,0,1,0.85651314,0,0.35651314,0,0.35651314
Improved MLP,0,1,0.8562931,0,0.35629308,0,0.35629308
Improved MLP,0,1,0.8558336,0,0.3558336,0,0.3558336
Improved MLP,0,1,0.85577035,0,0.35577035,0,0.35577035
Improved MLP,0,1,0.855753,0,0.355753,0,0.355753
Improved MLP,0,1,0.8555373,0,0.3555373,0,0.3555373
Improved MLP,0,1,0.855403,0,0.355403,0,0.355403
Improved MLP,0,1,0.855067,0,0.355067,0,0.355067
Improved MLP,0,1,0.8547164,0,0.35471642,0,0.35471642
Improved MLP,0,1,0.8544586,0,0.35445857,0,0.35445857
Improved MLP,0,1,0.85422,0,0.35421997,0,0.35421997
Improved MLP,1,0,0.14603414,0,0.35396588,0,0.35396588
Improved MLP,0,1,0.8537278,0,0.35372782,0,0.35372782
Improved MLP,0,1,0.8534391,0,0.3534391,0,0.3534391
Improved MLP,1,0,0.14712955,0,0.35287046,0,0.35287046
Improved MLP,0,1,0.85269856,0,0.35269856,0,0.35269856
Improved MLP,0,1,0.85242414,0,0.35242414,0,0.35242414
Improved MLP,0,1,0.8517976,0,0.35179758,0,0.35179758
Improved MLP,0,1,0.8517692,0,0.3517692,0,0.3517692
Improved MLP,0,1,0.85173696,0,0.35173696,0,0.35173696
Improved MLP,1,0,0.14831632,0,0.35168368,0,0.35168368
Improved MLP,0,1,0.85155535,0,0.35155535,0,0.35155535
Improved MLP,0,1,0.8514545,0,0.3514545,0,0.3514545
Improved MLP,0,1,0.8513604,0,0.35136038,0,0.35136038
Improved MLP,0,1,0.8513275,0,0.35132748,0,0.35132748
Improved MLP,0,1,0.8509969,0,0.3509969,0,0.3509969
Improved MLP,0,1,0.8509795,0,0.3509795,0,0.3509795
Improved MLP,0,1,0.8506924,0,0.3506924,0,0.3506924
Improved MLP,0,1,0.8505594,0,0.3505594,0,0.3505594
Improved MLP,0,1,0.8503552,0,0.3503552,0,0.3503552
Improved MLP,0,1,0.85018766,0,0.35018766,0,0.35018766
Improved MLP,0,1,0.8501169,0,0.3501169,0,0.3501169
Improved MLP,0,1,0.849888,0,0.34988803,0,0.34988803
Improved MLP,0,1,0.84960705,0,0.34960705,0,0.34960705
Improved MLP,0,1,0.8494472,0,0.3494472,0,0.3494472
Improved MLP,0,1,0.84938407,0,0.34938407,0,0.34938407
Improved MLP,0,1,0.8492469,0,0.34924692,0,0.34924692
Improved MLP,0,1,0.8487402,0,0.34874022,0,0.34874022
Improved MLP,0,1,0.8485224,0,0.34852242,0,0.34852242
Improved MLP,0,1,0.8485073,0,0.3485073,0,0.3485073
Improved MLP,0,1,0.84846973,0,0.34846973,0,0.34846973
Improved MLP,0,1,0.84846526,0,0.34846526,0,0.34846526
Improved MLP,0,1,0.84843415,0,0.34843415,0,0.34843415
Improved MLP,0,1,0.84833974,0,0.34833974,0,0.34833974
Improved MLP,0,1,0.8480807,0,0.3480807,0,0.3480807
Improved MLP,0,1,0.8479041,0,0.3479041,0,0.3479041
Improved MLP,0,1,0.84773225,0,0.34773225,0,0.34773225
Improved MLP,0,1,0.8475131,0,0.34751308,0,0.34751308
Improved MLP,0,1,0.8474839,0,0.34748387,0,0.34748387
Improved MLP,0,1,0.8473216,0,0.34732163,0,0.34732163
Improved MLP,0,1,0.84712744,0,0.34712744,0,0.34712744
Improved MLP,0,1,0.84699863,0,0.34699863,0,0.34699863
Improved MLP,0,1,0.84698087,0,0.34698087,0,0.34698087
Improved MLP,0,1,0.8469294,0,0.34692937,0,0.34692937
Improved MLP,0,1,0.8466459,0,0.3466459,0,0.3466459
Improved MLP,1,0,0.15363067,0,0.34636933,0,0.34636933
Improved MLP,0,1,0.8463572,0,0.34635723,0,0.34635723
Improved MLP,0,1,0.84617937,0,0.34617937,0,0.34617937
Improved MLP,0,1,0.84516716,0,0.34516716,0,0.34516716
Improved MLP,0,1,0.84516436,0,0.34516436,0,0.34516436
Improved MLP,0,1,0.844305,0,0.34430498,0,0.34430498
Improved MLP,0,1,0.8440994,0,0.3440994,0,0.3440994
Improved MLP,0,1,0.84368825,0,0.34368825,0,0.34368825
Improved MLP,0,1,0.8436309,0,0.3436309,0,0.3436309
Improved MLP,0,1,0.84352785,0,0.34352785,0,0.34352785
Improved MLP,0,1,0.8434848,0,0.34348482,0,0.34348482
Improved MLP,0,1,0.8428596,0,0.34285963,0,0.34285963
Improved MLP,0,1,0.84283364,0,0.34283364,0,0.34283364
Improved MLP,0,1,0.8428222,0,0.3428222,0,0.3428222
Improved MLP,0,1,0.8423881,0,0.3423881,0,0.3423881
Improved MLP,0,1,0.8421535,0,0.3421535,0,0.3421535
Improved MLP,0,1,0.8416711,0,0.3416711,0,0.3416711
Improved MLP,0,1,0.8415628,0,0.3415628,0,0.3415628
Improved MLP,0,1,0.8415279,0,0.34152788,0,0.34152788
Improved MLP,0,1,0.84112984,0,0.34112984,0,0.34112984
Improved MLP,0,1,0.84064764,0,0.34064764,0,0.34064764
Improved MLP,0,1,0.840377,0,0.34037697,0,0.34037697
Improved MLP,0,1,0.8402051,0,0.34020507,0,0.34020507
Improved MLP,0,1,0.8401414,0,0.34014142,0,0.34014142
Improved MLP,1,0,0.15986697,0,0.340133,0,0.340133
Improved MLP,0,1,0.84007895,0,0.34007895,0,0.34007895
Improved MLP,0,1,0.83927494,0,0.33927494,0,0.33927494
Improved MLP,0,1,0.8385795,0,0.33857948,0,0.33857948
Improved MLP,0,1,0.8382094,0,0.3382094,0,0.3382094
Improved MLP,0,1,0.8378918,0,0.33789182,0,0.33789182
Improved MLP,0,1,0.837736,0,0.337736,0,0.337736
Improved MLP,0,1,0.8373813,0,0.3373813,0,0.3373813
Improved MLP,0,1,0.8371962,0,0.33719617,0,0.33719617
Improved MLP,0,1,0.83684784,0,0.33684784,0,0.33684784
Improved MLP,0,1,0.8367681,0,0.3367681,0,0.3367681
Improved MLP,0,1,0.83658606,0,0.33658606,0,0.33658606
Improved MLP,0,1,0.8365813,0,0.3365813,0,0.3365813
Improved MLP,0,1,0.83655465,0,0.33655465,0,0.33655465
Improved MLP,0,1,0.8365236,0,0.3365236,0,0.3365236
Improved MLP,0,1,0.8363685,0,0.3363685,0,0.3363685
Improved MLP,0,1,0.8362195,0,0.3362195,0,0.3362195
Improved MLP,0,1,0.8360816,0,0.33608162,0,0.33608162
Improved MLP,0,1,0.83525527,0,0.33525527,0,0.33525527
Improved MLP,0,1,0.8352074,0,0.3352074,0,0.3352074
Improved MLP,0,1,0.8351104,0,0.33511043,0,0.33511043
Improved MLP,0,1,0.8349871,0,0.3349871,0,0.3349871
Improved MLP,0,1,0.83496946,0,0.33496946,0,0.33496946
Improved MLP,0,1,0.83471245,0,0.33471245,0,0.33471245
Improved MLP,0,1,0.8346161,0,0.33461612,0,0.33461612
Improved MLP,0,1,0.83451414,0,0.33451414,0,0.33451414
Improved MLP,0,1,0.8342237,0,0.3342237,0,0.3342237
Improved MLP,0,1,0.83412135,0,0.33412135,0,0.33412135
Improved MLP,0,1,0.83357996,0,0.33357996,0,0.33357996
Improved MLP,0,1,0.83314943,0,0.33314943,0,0.33314943
Improved MLP,0,1,0.83310676,0,0.33310676,0,0.33310676
Improved MLP,0,1,0.8329718,0,0.3329718,0,0.3329718
Improved MLP,0,1,0.83247757,0,0.33247757,0,0.33247757
Improved MLP,1,0,0.16757715,0,0.33242285,0,0.33242285
Improved MLP,1,0,0.16760883,0,0.33239117,0,0.33239117
Improved MLP,0,1,0.832127,0,0.33212698,0,0.33212698
Improved MLP,0,1,0.83180505,0,0.33180505,0,0.33180505
Improved MLP,0,1,0.83174753,0,0.33174753,0,0.33174753
Improved MLP,0,1,0.8317379,0,0.33173788,0,0.33173788
Improved MLP,0,1,0.8316917,0,0.33169168,0,0.33169168
Improved MLP,0,1,0.83138466,0,0.33138466,0,0.33138466
Improved MLP,0,1,0.8312355,0,0.33123553,0,0.33123553
Improved MLP,0,1,0.83075356,0,0.33075356,0,0.33075356
Improved MLP,0,1,0.8305071,0,0.3305071,0,0.3305071
Improved MLP,0,1,0.8303961,0,0.33039612,0,0.33039612
Improved MLP,0,1,0.8303655,0,0.33036548,0,0.33036548
Improved MLP,0,1,0.83027196,0,0.33027196,0,0.33027196
Improved MLP,0,1,0.83005977,0,0.33005977,0,0.33005977
Improved MLP,0,1,0.82975256,0,0.32975256,0,0.32975256
Improved MLP,0,1,0.8296234,0,0.3296234,0,0.3296234
Improved MLP,0,1,0.8294127,0,0.3294127,0,0.3294127
Improved MLP,0,1,0.8290285,0,0.3290285,0,0.3290285
Improved MLP,0,1,0.82897097,0,0.32897097,0,0.32897097
Improved MLP,0,1,0.82896626,0,0.32896626,0,0.32896626
Improved MLP,0,1,0.8286191,0,0.32861912,0,0.32861912
Improved MLP,0,1,0.828447,0,0.32844698,0,0.32844698
Improved MLP,0,1,0.82844615,0,0.32844615,0,0.32844615
Improved MLP,0,1,0.82811296,0,0.32811296,0,0.32811296
Improved MLP,0,1,0.827703,0,0.327703,0,0.327703
Improved MLP,0,1,0.82737565,0,0.32737565,0,0.32737565
Improved MLP,0,1,0.82711715,0,0.32711715,0,0.32711715
Improved MLP,0,1,0.8268372,0,0.32683718,0,0.32683718
Improved MLP,0,1,0.82645386,0,0.32645386,0,0.32645386
Improved MLP,0,1,0.82631266,0,0.32631266,0,0.32631266
Improved MLP,0,1,0.8262918,0,0.3262918,0,0.3262918
Improved MLP,0,1,0.82621795,0,0.32621795,0,0.32621795
Improved MLP,0,1,0.8262098,0,0.32620978,0,0.32620978
Improved MLP,0,1,0.82618874,0,0.32618874,0,0.32618874
Improved MLP,0,1,0.8259999,0,0.32599992,0,0.32599992
Improved MLP,0,1,0.8256874,0,0.3256874,0,0.3256874
Improved MLP,0,1,0.8256339,0,0.32563388,0,0.32563388
Improved MLP,0,1,0.82505465,0,0.32505465,0,0.32505465
Improved MLP,0,1,0.82487744,0,0.32487744,0,0.32487744
Improved MLP,0,1,0.8248728,0,0.3248728,0,0.3248728
Improved MLP,0,1,0.8246354,0,0.3246354,0,0.3246354
Improved MLP,1,0,0.1754015,0,0.3245985,0,0.3245985
Improved MLP,0,1,0.82442826,0,0.32442826,0,0.32442826
Improved MLP,0,1,0.8242325,0,0.32423252,0,0.32423252
Improved MLP,0,1,0.8242197,0,0.3242197,0,0.3242197
Improved MLP,0,1,0.82413363,0,0.32413363,0,0.32413363
Improved MLP,0,1,0.82377404,0,0.32377404,0,0.32377404
Improved MLP,0,1,0.823518,0,0.32351798,0,0.32351798
Improved MLP,0,1,0.8233651,0,0.3233651,0,0.3233651
Improved MLP,1,0,0.17669332,0,0.32330668,0,0.32330668
Improved MLP,0,1,0.8230725,0,0.3230725,0,0.3230725
Improved MLP,0,1,0.8230048,0,0.32300478,0,0.32300478
Improved MLP,0,1,0.82298774,0,0.32298774,0,0.32298774
Improved MLP,0,1,0.8228737,0,0.3228737,0,0.3228737
Improved MLP,0,1,0.82260114,0,0.32260114,0,0.32260114
Improved MLP,0,1,0.8222342,0,0.3222342,0,0.3222342
Improved MLP,1,0,0.17784742,0,0.32215258,0,0.32215258
Improved MLP,0,1,0.82188946,0,0.32188946,0,0.32188946
Improved MLP,0,1,0.82184273,0,0.32184273,0,0.32184273
Improved MLP,0,1,0.82177156,0,0.32177156,0,0.32177156
Improved MLP,0,1,0.8213852,0,0.3213852,0,0.3213852
Improved MLP,0,1,0.82128894,0,0.32128894,0,0.32128894
Improved MLP,0,1,0.82115644,0,0.32115644,0,0.32115644
Improved MLP,0,1,0.8207277,0,0.3207277,0,0.3207277
Improved MLP,0,1,0.82066077,0,0.32066077,0,0.32066077
Improved MLP,0,1,0.8205922,0,0.32059222,0,0.32059222
Improved MLP,0,1,0.8205469,0,0.32054693,0,0.32054693
Improved MLP,0,1,0.82040256,0,0.32040256,0,0.32040256
Improved MLP,0,1,0.81989014,0,0.31989014,0,0.31989014
Improved MLP,0,1,0.81979966,0,0.31979966,0,0.31979966
Improved MLP,0,1,0.8195505,0,0.3195505,0,0.3195505
Improved MLP,0,1,0.8195329,0,0.31953287,0,0.31953287
Improved MLP,0,1,0.81942374,0,0.31942374,0,0.31942374
Improved MLP,0,1,0.8183345,0,0.31833452,0,0.31833452
Improved MLP,0,1,0.8182259,0,0.31822592,0,0.31822592
Improved MLP,0,1,0.8179829,0,0.3179829,0,0.3179829
Improved MLP,0,1,0.81775105,0,0.31775105,0,0.31775105
Improved MLP,0,1,0.8176628,0,0.31766278,0,0.31766278
Improved MLP,0,1,0.81678206,0,0.31678206,0,0.31678206
Improved MLP,0,1,0.8167581,0,0.3167581,0,0.3167581
Improved MLP,0,1,0.81637067,0,0.31637067,0,0.31637067
Improved MLP,0,1,0.8161178,0,0.31611782,0,0.31611782
Improved MLP,0,1,0.81581676,0,0.31581676,0,0.31581676
Improved MLP,0,1,0.8156397,0,0.31563967,0,0.31563967
Improved MLP,0,1,0.8155544,0,0.31555438,0,0.31555438
Improved MLP,0,1,0.8154354,0,0.3154354,0,0.3154354
Improved MLP,0,1,0.8152788,0,0.31527883,0,0.31527883
Improved MLP,0,1,0.81476295,0,0.31476295,0,0.31476295
Improved MLP,0,1,0.81467277,0,0.31467277,0,0.31467277
Improved MLP,0,1,0.81442183,0,0.31442183,0,0.31442183
Improved MLP,0,1,0.81394196,0,0.31394196,0,0.31394196
Improved MLP,0,1,0.8138565,0,0.31385648,0,0.31385648
Improved MLP,0,1,0.8138504,0,0.3138504,0,0.3138504
Improved MLP,0,1,0.8137013,0,0.31370127,0,0.31370127
Improved MLP,0,1,0.8135062,0,0.3135062,0,0.3135062
Improved MLP,0,1,0.81332064,0,0.31332064,0,0.31332064
Improved MLP,0,1,0.8128171,0,0.3128171,0,0.3128171
Improved MLP,0,1,0.8123692,0,0.31236923,0,0.31236923
Improved MLP,0,1,0.81210786,0,0.31210786,0,0.31210786
Improved MLP,1,0,0.18799517,0,0.31200483,0,0.31200483
Improved MLP,0,1,0.81186324,0,0.31186324,0,0.31186324
Improved MLP,0,1,0.81183565,0,0.31183565,0,0.31183565
Improved MLP,0,1,0.8118208,0,0.3118208,0,0.3118208
Improved MLP,0,1,0.81156665,0,0.31156665,0,0.31156665
Improved MLP,0,1,0.81097144,0,0.31097144,0,0.31097144
Improved MLP,0,1,0.8104856,0,0.3104856,0,0.3104856
Improved MLP,0,1,0.81045043,0,0.31045043,0,0.31045043
Improved MLP,0,1,0.810321,0,0.31032097,0,0.31032097
Improved MLP,0,1,0.8103099,0,0.3103099,0,0.3103099
Improved MLP,0,1,0.809342,0,0.30934203,0,0.30934203
Improved MLP,0,1,0.80882066,0,0.30882066,0,0.30882066
Improved MLP,0,1,0.8088104,0,0.3088104,0,0.3088104
Improved MLP,0,1,0.8087215,0,0.30872148,0,0.30872148
Improved MLP,0,1,0.80841786,0,0.30841786,0,0.30841786
Improved MLP,0,1,0.8082949,0,0.3082949,0,0.3082949
Improved MLP,1,0,0.19174385,0,0.30825615,0,0.30825615
Improved MLP,0,1,0.80808204,0,0.30808204,0,0.30808204
Improved MLP,0,1,0.8080805,0,0.3080805,0,0.3080805
Improved MLP,0,1,0.8074235,0,0.30742347,0,0.30742347
Improved MLP,0,1,0.8073131,0,0.30731308,0,0.30731308
Improved MLP,0,1,0.80711037,0,0.30711037,0,0.30711037
Improved MLP,0,1,0.8068393,0,0.3068393,0,0.3068393
Improved MLP,0,1,0.80589235,0,0.30589235,0,0.30589235
Improved MLP,0,1,0.8053255,0,0.3053255,0,0.3053255
Improved MLP,0,1,0.8043231,0,0.30432308,0,0.30432308
Improved MLP,0,1,0.8041946,0,0.30419463,0,0.30419463
Improved MLP,1,0,0.19581462,0,0.3041854,0,0.3041854
Improved MLP,0,1,0.8041762,0,0.3041762,0,0.3041762
Improved MLP,0,1,0.8034288,0,0.30342883,0,0.30342883
Improved MLP,0,1,0.80341077,0,0.30341077,0,0.30341077
Improved MLP,0,1,0.80334336,0,0.30334336,0,0.30334336
Improved MLP,0,1,0.8030637,0,0.3030637,0,0.3030637
Improved MLP,0,1,0.8014055,0,0.3014055,0,0.3014055
Improved MLP,0,1,0.8007479,0,0.30074787,0,0.30074787
Improved MLP,0,1,0.8006201,0,0.30062008,0,0.30062008
Improved MLP,0,1,0.7996979,0,0.29969788,0,0.29969788
Improved MLP,0,1,0.7994727,0,0.2994727,0,0.2994727
Improved MLP,0,1,0.79922926,0,0.29922926,0,0.29922926
Improved MLP,0,1,0.7984979,0,0.29849792,0,0.29849792
Improved MLP,1,0,0.20208713,0,0.29791287,0,0.29791287
Improved MLP,0,1,0.79787856,0,0.29787856,0,0.29787856
Improved MLP,0,1,0.79765517,0,0.29765517,0,0.29765517
Improved MLP,0,1,0.7976309,0,0.2976309,0,0.2976309
Improved MLP,0,1,0.7971419,0,0.2971419,0,0.2971419
Improved MLP,0,1,0.796072,0,0.296072,0,0.296072
Improved MLP,0,1,0.79549813,0,0.29549813,0,0.29549813
Improved MLP,0,1,0.79546213,0,0.29546213,0,0.29546213
Improved MLP,1,0,0.20476,0,0.29523998,0,0.29523998
Improved MLP,0,1,0.7950871,0,0.2950871,0,0.2950871
Improved MLP,0,1,0.7940395,0,0.2940395,0,0.2940395
Improved MLP,0,1,0.7938635,0,0.29386348,0,0.29386348
Improved MLP,0,1,0.79346293,0,0.29346293,0,0.29346293
Improved MLP,0,1,0.7928092,0,0.2928092,0,0.2928092
Improved MLP,0,1,0.79216415,0,0.29216415,0,0.29216415
Improved MLP,0,1,0.79170144,0,0.29170144,0,0.29170144
Improved MLP,0,1,0.79135567,0,0.29135567,0,0.29135567
Improved MLP,0,1,0.7905071,0,0.29050708,0,0.29050708
Improved MLP,0,1,0.79036206,0,0.29036206,0,0.29036206
Improved MLP,0,1,0.79003876,0,0.29003876,0,0.29003876
Improved MLP,0,1,0.78994745,0,0.28994745,0,0.28994745
Improved MLP,0,1,0.7896783,0,0.28967828,0,0.28967828
Improved MLP,0,1,0.7892007,0,0.28920072,0,0.28920072
Improved MLP,0,1,0.7889838,0,0.28898382,0,0.28898382
Improved MLP,1,0,0.21170092,0,0.28829908,0,0.28829908
Improved MLP,0,1,0.7882842,0,0.28828418,0,0.28828418
Improved MLP,0,1,0.78694296,0,0.28694296,0,0.28694296
Improved MLP,0,1,0.786893,0,0.286893,0,0.286893
Improved MLP,0,1,0.7858466,0,0.2858466,0,0.2858466
Improved MLP,0,1,0.78569055,0,0.28569055,0,0.28569055
Improved MLP,0,1,0.78504014,0,0.28504014,0,0.28504014
Improved MLP,0,1,0.78462726,0,0.28462726,0,0.28462726
Improved MLP,0,1,0.78221816,0,0.28221816,0,0.28221816
Improved MLP,0,1,0.78212374,0,0.28212374,0,0.28212374
Improved MLP,0,1,0.78198427,0,0.28198427,0,0.28198427
Improved MLP,1,0,0.2184229,0,0.2815771,0,0.2815771
Improved MLP,0,1,0.7813941,0,0.28139412,0,0.28139412
Improved MLP,0,1,0.7813877,0,0.2813877,0,0.2813877
Improved MLP,0,1,0.78137463,0,0.28137463,0,0.28137463
Improved MLP,0,1,0.78100175,0,0.28100175,0,0.28100175
Improved MLP,0,1,0.78085893,0,0.28085893,0,0.28085893
Improved MLP,0,1,0.78030777,0,0.28030777,0,0.28030777
Improved MLP,0,1,0.78010345,0,0.28010345,0,0.28010345
Improved MLP,0,1,0.77981085,0,0.27981085,0,0.27981085
Improved MLP,0,1,0.7794408,0,0.27944082,0,0.27944082
Improved MLP,0,1,0.7789934,0,0.27899343,0,0.27899343
Improved MLP,0,1,0.7786518,0,0.27865177,0,0.27865177
Improved MLP,1,0,0.22203839,0,0.2779616,0,0.2779616
Improved MLP,1,0,0.22279978,0,0.27720022,0,0.27720022
Improved MLP,0,1,0.7766165,0,0.2766165,0,0.2766165
Improved MLP,0,1,0.7765262,0,0.2765262,0,0.2765262
Improved MLP,0,1,0.77650356,0,0.27650356,0,0.27650356
Improved MLP,0,1,0.77645797,0,0.27645797,0,0.27645797
Improved MLP,0,1,0.77631193,0,0.27631193,0,0.27631193
Improved MLP,0,1,0.77603596,0,0.27603596,0,0.27603596
Improved MLP,0,1,0.77587056,0,0.27587056,0,0.27587056
Improved MLP,0,1,0.7756982,0,0.27569818,0,0.27569818
Improved MLP,0,1,0.7749964,0,0.2749964,0,0.2749964
Improved MLP,0,1,0.7745941,0,0.27459413,0,0.27459413
Improved MLP,0,1,0.77425236,0,0.27425236,0,0.27425236
Improved MLP,0,1,0.77410054,0,0.27410054,0,0.27410054
Improved MLP,0,1,0.7732173,0,0.27321732,0,0.27321732
Improved MLP,0,1,0.7726343,0,0.27263433,0,0.27263433
Improved MLP,0,1,0.772131,0,0.27213103,0,0.27213103
Improved MLP,1,0,0.22809562,0,0.27190438,0,0.27190438
Improved MLP,1,0,0.22822414,0,0.27177584,0,0.27177584
Improved MLP,0,1,0.7715022,0,0.2715022,0,0.2715022
Improved MLP,0,1,0.77127457,0,0.27127457,0,0.27127457
Improved MLP,0,1,0.77086455,0,0.27086455,0,0.27086455
Improved MLP,0,1,0.7701353,0,0.27013528,0,0.27013528
Improved MLP,0,1,0.7700478,0,0.27004778,0,0.27004778
Improved MLP,1,0,0.23075151,0,0.2692485,0,0.2692485
Improved MLP,0,1,0.76885056,0,0.26885056,0,0.26885056
Improved MLP,0,1,0.7686227,0,0.2686227,0,0.2686227
Improved MLP,0,1,0.7682751,0,0.26827508,0,0.26827508
Improved MLP,0,1,0.76675445,0,0.26675445,0,0.26675445
Improved MLP,0,1,0.76641244,0,0.26641244,0,0.26641244
Improved MLP,0,1,0.76568556,0,0.26568556,0,0.26568556
Improved MLP,0,1,0.7653825,0,0.26538253,0,0.26538253
Improved MLP,0,1,0.7653361,0,0.2653361,0,0.2653361
Improved MLP,0,1,0.7651781,0,0.26517808,0,0.26517808
Improved MLP,0,1,0.76441664,0,0.26441664,0,0.26441664
Improved MLP,0,1,0.76298785,0,0.26298785,0,0.26298785
Improved MLP,0,1,0.7617667,0,0.26176667,0,0.26176667
Improved MLP,0,1,0.761008,0,0.26100802,0,0.26100802
Improved MLP,0,1,0.7602989,0,0.2602989,0,0.2602989
Improved MLP,0,1,0.7596215,0,0.2596215,0,0.2596215
Improved MLP,0,1,0.7594094,0,0.25940943,0,0.25940943
Improved MLP,0,1,0.7593395,0,0.2593395,0,0.2593395
Improved MLP,0,1,0.75903004,0,0.25903004,0,0.25903004
Improved MLP,0,1,0.7590209,0,0.25902092,0,0.25902092
Improved MLP,0,1,0.75854397,0,0.25854397,0,0.25854397
Improved MLP,1,0,0.24235056,0,0.25764942,0,0.25764942
Improved MLP,0,1,0.75763464,0,0.25763464,0,0.25763464
Improved MLP,0,1,0.75727636,0,0.25727636,0,0.25727636
Improved MLP,0,1,0.75635517,0,0.25635517,0,0.25635517
Improved MLP,0,1,0.75627625,0,0.25627625,0,0.25627625
Improved MLP,0,1,0.7559636,0,0.25596362,0,0.25596362
Improved MLP,1,0,0.24448441,0,0.25551558,0,0.25551558
Improved MLP,0,1,0.75537145,0,0.25537145,0,0.25537145
Improved MLP,0,1,0.7537724,0,0.25377238,0,0.25377238
Improved MLP,0,1,0.7537149,0,0.25371492,0,0.25371492
Improved MLP,0,1,0.7536486,0,0.25364858,0,0.25364858
Improved MLP,0,1,0.7535682,0,0.25356817,0,0.25356817
Improved MLP,0,1,0.7527844,0,0.25278437,0,0.25278437
Improved MLP,0,1,0.75157714,0,0.25157714,0,0.25157714
Improved MLP,0,1,0.7514584,0,0.2514584,0,0.2514584
Improved MLP,0,1,0.75060564,0,0.25060564,0,0.25060564
Improved MLP,0,1,0.74969566,0,0.24969566,0,0.24969566
Improved MLP,0,1,0.74901325,0,0.24901325,0,0.24901325
Improved MLP,0,1,0.7486304,0,0.2486304,0,0.2486304
Improved MLP,0,1,0.74806714,0,0.24806714,0,0.24806714
Improved MLP,0,1,0.7475305,0,0.24753052,0,0.24753052
Improved MLP,0,1,0.7472906,0,0.24729061,0,0.24729061
Improved MLP,0,1,0.74723977,0,0.24723977,0,0.24723977
Improved MLP,0,1,0.7469786,0,0.24697858,0,0.24697858
Improved MLP,0,1,0.74621356,0,0.24621356,0,0.24621356
Improved MLP,0,1,0.7460372,0,0.24603719,0,0.24603719
Improved MLP,0,1,0.7455584,0,0.24555838,0,0.24555838
Improved MLP,0,1,0.74527895,0,0.24527895,0,0.24527895
Improved MLP,0,1,0.74471056,0,0.24471056,0,0.24471056
Improved MLP,0,1,0.74405855,0,0.24405855,0,0.24405855
Improved MLP,0,1,0.7438857,0,0.2438857,0,0.2438857
Improved MLP,1,0,0.2563558,0,0.24364421,0,0.24364421
Improved MLP,0,1,0.74360406,0,0.24360406,0,0.24360406
Improved MLP,0,1,0.74353844,0,0.24353844,0,0.24353844
Improved MLP,0,1,0.74277556,0,0.24277556,0,0.24277556
Improved MLP,0,1,0.7422625,0,0.24226248,0,0.24226248
Improved MLP,0,1,0.7417867,0,0.24178672,0,0.24178672
Improved MLP,0,1,0.74128616,0,0.24128616,0,0.24128616
Improved MLP,0,1,0.7407051,0,0.24070507,0,0.24070507
Improved MLP,0,1,0.74041665,0,0.24041665,0,0.24041665
Improved MLP,0,1,0.73975664,0,0.23975664,0,0.23975664
Improved MLP,0,1,0.73975354,0,0.23975354,0,0.23975354
Improved MLP,0,1,0.7393525,0,0.23935252,0,0.23935252
Improved MLP,0,1,0.73876244,0,0.23876244,0,0.23876244
Improved MLP,0,1,0.7382303,0,0.23823029,0,0.23823029
Improved MLP,0,1,0.737663,0,0.23766297,0,0.23766297
Improved MLP,0,1,0.73733944,0,0.23733944,0,0.23733944
Improved MLP,0,1,0.73728883,0,0.23728883,0,0.23728883
Improved MLP,0,1,0.73727894,0,0.23727894,0,0.23727894
Improved MLP,0,1,0.7370301,0,0.23703009,0,0.23703009
Improved MLP,0,1,0.73700494,0,0.23700494,0,0.23700494
Improved MLP,0,1,0.7367333,0,0.23673332,0,0.23673332
Improved MLP,1,0,0.26489952,0,0.23510048,0,0.23510048
Improved MLP,0,1,0.7347211,0,0.23472112,0,0.23472112
Improved MLP,0,1,0.73380077,0,0.23380077,0,0.23380077
Improved MLP,0,1,0.7335166,0,0.23351657,0,0.23351657
Improved MLP,0,1,0.733448,0,0.23344803,0,0.23344803
Improved MLP,0,1,0.73335433,0,0.23335433,0,0.23335433
Improved MLP,0,1,0.73317885,0,0.23317885,0,0.23317885
Improved MLP,0,1,0.73167956,0,0.23167956,0,0.23167956
Improved MLP,0,1,0.7315879,0,0.23158789,0,0.23158789
Improved MLP,1,0,0.26859224,0,0.23140776,0,0.23140776
Improved MLP,0,1,0.7309973,0,0.23099732,0,0.23099732
Improved MLP,0,1,0.7307227,0,0.23072273,0,0.23072273
Improved MLP,0,1,0.7303686,0,0.23036861,0,0.23036861
Improved MLP,0,1,0.72957486,0,0.22957486,0,0.22957486
Improved MLP,0,1,0.729574,0,0.22957402,0,0.22957402
Improved MLP,0,1,0.72954744,0,0.22954744,0,0.22954744
Improved MLP,0,1,0.72934633,0,0.22934633,0,0.22934633
Improved MLP,0,1,0.72921294,0,0.22921294,0,0.22921294
Improved MLP,0,1,0.72829294,0,0.22829294,0,0.22829294
Improved MLP,0,1,0.72694826,0,0.22694826,0,0.22694826
Improved MLP,1,0,0.27310106,0,0.22689894,0,0.22689894
Improved MLP,0,1,0.7249033,0,0.22490329,0,0.22490329
Improved MLP,0,1,0.723912,0,0.223912,0,0.223912
Improved MLP,0,1,0.7223083,0,0.22230828,0,0.22230828
Improved MLP,0,1,0.7214665,0,0.22146648,0,0.22146648
Improved MLP,0,1,0.72108537,0,0.22108537,0,0.22108537
Improved MLP,0,1,0.7208013,0,0.2208013,0,0.2208013
Improved MLP,0,1,0.72066444,0,0.22066444,0,0.22066444
Improved MLP,0,1,0.7205167,0,0.22051668,0,0.22051668
Improved MLP,0,1,0.72046924,0,0.22046924,0,0.22046924
Improved MLP,0,1,0.7191206,0,0.21912062,0,0.21912062
Improved MLP,0,1,0.7185183,0,0.21851832,0,0.21851832
Improved MLP,0,1,0.71837735,0,0.21837735,0,0.21837735
Improved MLP,0,1,0.71817046,0,0.21817046,0,0.21817046
Improved MLP,0,1,0.7178057,0,0.21780568,0,0.21780568
Improved MLP,0,1,0.7174418,0,0.2174418,0,0.2174418
Improved MLP,0,1,0.7167646,0,0.21676463,0,0.21676463
Improved MLP,0,1,0.7159391,0,0.2159391,0,0.2159391
Improved MLP,0,1,0.7154463,0,0.2154463,0,0.2154463
Improved MLP,0,1,0.71483743,0,0.21483743,0,0.21483743
Improved MLP,0,1,0.7146114,0,0.21461141,0,0.21461141
Improved MLP,0,1,0.71442986,0,0.21442986,0,0.21442986
Improved MLP,0,1,0.71274894,0,0.21274894,0,0.21274894
Improved MLP,0,1,0.7124639,0,0.21246392,0,0.21246392
Improved MLP,0,1,0.7109277,0,0.21092772,0,0.21092772
Improved MLP,0,1,0.710611,0,0.21061099,0,0.21061099
Improved MLP,0,1,0.7101188,0,0.21011877,0,0.21011877
Improved MLP,0,1,0.70939064,0,0.20939064,0,0.20939064
Improved MLP,0,1,0.70927155,0,0.20927155,0,0.20927155
Improved MLP,0,1,0.7085591,0,0.2085591,0,0.2085591
Improved MLP,0,1,0.7085317,0,0.20853168,0,0.20853168
Improved MLP,1,0,0.29172269,0,0.20827731,0,0.20827731
Improved MLP,0,1,0.70812666,0,0.20812666,0,0.20812666
Improved MLP,0,1,0.7077399,0,0.20773989,0,0.20773989
Improved MLP,0,1,0.70699596,0,0.20699596,0,0.20699596
Improved MLP,0,1,0.70649093,0,0.20649093,0,0.20649093
Improved MLP,0,1,0.7061449,0,0.20614493,0,0.20614493
Improved MLP,0,1,0.70599717,0,0.20599717,0,0.20599717
Improved MLP,1,0,0.29449522,0,0.20550478,0,0.20550478
Improved MLP,0,1,0.7047519,0,0.20475191,0,0.20475191
Improved MLP,0,1,0.7045542,0,0.2045542,0,0.2045542
Improved MLP,0,1,0.70438063,0,0.20438063,0,0.20438063
Improved MLP,0,1,0.7034466,0,0.20344663,0,0.20344663
Improved MLP,0,1,0.7026768,0,0.20267677,0,0.20267677
Improved MLP,0,1,0.7022556,0,0.2022556,0,0.2022556
Improved MLP,0,1,0.7018877,0,0.20188773,0,0.20188773
Improved MLP,0,1,0.70158714,0,0.20158714,0,0.20158714
Improved MLP,0,1,0.7015753,0,0.20157528,0,0.20157528
Improved MLP,0,1,0.7006938,0,0.20069379,0,0.20069379
Improved MLP,0,1,0.7003247,0,0.20032471,0,0.20032471
Improved MLP,0,1,0.69976324,0,0.19976324,0,0.19976324
Improved MLP,0,1,0.6989184,0,0.1989184,0,0.1989184
Improved MLP,0,1,0.69784296,0,0.19784296,0,0.19784296
Improved MLP,0,1,0.69779813,0,0.19779813,0,0.19779813
Improved MLP,1,0,0.30225438,0,0.19774562,0,0.19774562
Improved MLP,0,1,0.69762534,0,0.19762534,0,0.19762534
Improved MLP,0,1,0.69748247,0,0.19748247,0,0.19748247
Improved MLP,0,1,0.6962477,0,0.1962477,0,0.1962477
Improved MLP,0,1,0.69584674,0,0.19584674,0,0.19584674
Improved MLP,0,1,0.69475067,0,0.19475067,0,0.19475067
Improved MLP,0,1,0.69437146,0,0.19437146,0,0.19437146
Improved MLP,0,1,0.69406545,0,0.19406545,0,0.19406545
Improved MLP,0,1,0.69386345,0,0.19386345,0,0.19386345
Improved MLP,0,1,0.693838,0,0.193838,0,0.193838
Improved MLP,0,1,0.69368786,0,0.19368786,0,0.19368786
Improved MLP,1,0,0.30631962,0,0.19368038,0,0.19368038
Improved MLP,0,1,0.6934485,0,0.19344848,0,0.19344848
Improved MLP,0,1,0.69323254,0,0.19323254,0,0.19323254
Improved MLP,0,1,0.6912223,0,0.19122231,0,0.19122231
Improved MLP,0,1,0.69091624,0,0.19091624,0,0.19091624
Improved MLP,1,0,0.30915254,0,0.19084746,0,0.19084746
Improved MLP,0,1,0.69079024,0,0.19079024,0,0.19079024
Improved MLP,0,1,0.69061947,0,0.19061947,0,0.19061947
Improved MLP,0,1,0.68962395,0,0.18962395,0,0.18962395
Improved MLP,1,0,0.310416,0,0.18958399,0,0.18958399
Improved MLP,1,0,0.31052208,0,0.18947792,0,0.18947792
Improved MLP,0,1,0.6894665,0,0.18946648,0,0.18946648
Improved MLP,0,1,0.6886666,0,0.18866658,0,0.18866658
Improved MLP,0,1,0.68828607,0,0.18828607,0,0.18828607
Improved MLP,0,1,0.6881642,0,0.18816417,0,0.18816417
Improved MLP,0,1,0.68751127,0,0.18751127,0,0.18751127
Improved MLP,0,1,0.6855114,0,0.18551141,0,0.18551141
Improved MLP,0,1,0.68248755,0,0.18248755,0,0.18248755
Improved MLP,0,1,0.6822821,0,0.18228209,0,0.18228209
Improved MLP,0,1,0.68190956,0,0.18190956,0,0.18190956
Improved MLP,0,1,0.681638,0,0.181638,0,0.181638
Improved MLP,0,1,0.6814298,0,0.1814298,0,0.1814298
Improved MLP,0,1,0.681238,0,0.181238,0,0.181238
Improved MLP,0,1,0.68117213,0,0.18117213,0,0.18117213
Improved MLP,0,1,0.6810737,0,0.18107373,0,0.18107373
Improved MLP,0,1,0.68064183,0,0.18064183,0,0.18064183
Improved MLP,0,1,0.6801543,0,0.18015432,0,0.18015432
Improved MLP,1,0,0.32025757,0,0.17974243,0,0.17974243
Improved MLP,0,1,0.67965084,0,0.17965084,0,0.17965084
Improved MLP,0,1,0.6786047,0,0.17860472,0,0.17860472
Improved MLP,0,1,0.67840767,0,0.17840767,0,0.17840767
Improved MLP,0,1,0.67814183,0,0.17814183,0,0.17814183
Improved MLP,0,1,0.6775981,0,0.17759812,0,0.17759812
Improved MLP,0,1,0.6771723,0,0.1771723,0,0.1771723
Improved MLP,0,1,0.6759745,0,0.17597449,0,0.17597449
Improved MLP,0,1,0.67500776,0,0.17500776,0,0.17500776
Improved MLP,0,1,0.6744615,0,0.17446148,0,0.17446148
Improved MLP,0,1,0.67418534,0,0.17418534,0,0.17418534
Improved MLP,0,1,0.6740463,0,0.17404628,0,0.17404628
Improved MLP,0,1,0.6729471,0,0.17294711,0,0.17294711
Improved MLP,0,1,0.67184544,0,0.17184544,0,0.17184544
Improved MLP,1,0,0.3286666,0,0.1713334,0,0.1713334
Improved MLP,0,1,0.6711843,0,0.1711843,0,0.1711843
Improved MLP,0,1,0.67036104,0,0.17036104,0,0.17036104
Improved MLP,0,1,0.6696107,0,0.16961068,0,0.16961068
Improved MLP,0,1,0.66940826,0,0.16940826,0,0.16940826
Improved MLP,1,0,0.33210048,0,0.16789952,0,0.16789952
Improved MLP,0,1,0.6676461,0,0.16764611,0,0.16764611
Improved MLP,1,0,0.33250222,0,0.16749778,0,0.16749778
Improved MLP,0,1,0.6670268,0,0.16702682,0,0.16702682
Improved MLP,0,1,0.66618794,0,0.16618794,0,0.16618794
Improved MLP,1,0,0.33405915,0,0.16594085,0,0.16594085
Improved MLP,0,1,0.66585845,0,0.16585845,0,0.16585845
Improved MLP,0,1,0.6648642,0,0.16486418,0,0.16486418
Improved MLP,0,1,0.6642094,0,0.16420943,0,0.16420943
Improved MLP,1,0,0.33617914,0,0.16382086,0,0.16382086
Improved MLP,0,1,0.6624793,0,0.16247928,0,0.16247928
Improved MLP,0,1,0.66158867,0,0.16158867,0,0.16158867
Improved MLP,1,0,0.33878803,0,0.16121197,0,0.16121197
Improved MLP,0,1,0.660201,0,0.16020101,0,0.16020101
Improved MLP,1,0,0.3399775,0,0.1600225,0,0.1600225
Improved MLP,0,1,0.6595426,0,0.15954262,0,0.15954262
Improved MLP,0,1,0.6593167,0,0.15931672,0,0.15931672
Improved MLP,0,1,0.6591392,0,0.15913922,0,0.15913922
Improved MLP,0,1,0.6588378,0,0.1588378,0,0.1588378
Improved MLP,0,1,0.65831167,0,0.15831167,0,0.15831167
Improved MLP,0,1,0.6581029,0,0.15810293,0,0.15810293
Improved MLP,0,1,0.65716386,0,0.15716386,0,0.15716386
Improved MLP,0,1,0.65646356,0,0.15646356,0,0.15646356
Improved MLP,0,1,0.65636814,0,0.15636814,0,0.15636814
Improved MLP,0,1,0.65595406,0,0.15595406,0,0.15595406
Improved MLP,0,1,0.6557706,0,0.1557706,0,0.1557706
Improved MLP,0,1,0.6553225,0,0.15532249,0,0.15532249
Improved MLP,0,1,0.65522385,0,0.15522385,0,0.15522385
Improved MLP,0,1,0.6551926,0,0.15519261,0,0.15519261
Improved MLP,0,1,0.65515727,0,0.15515727,0,0.15515727
Improved MLP,0,1,0.65478563,0,0.15478563,0,0.15478563
Improved MLP,0,1,0.6545665,0,0.15456653,0,0.15456653
Improved MLP,0,1,0.6534939,0,0.15349388,0,0.15349388
Improved MLP,0,1,0.65334755,0,0.15334755,0,0.15334755
Improved MLP,0,1,0.6518554,0,0.15185541,0,0.15185541
Improved MLP,0,1,0.65120035,0,0.15120035,0,0.15120035
Improved MLP,1,0,0.3499762,0,0.15002379,0,0.15002379
Improved MLP,0,1,0.6496533,0,0.14965332,0,0.14965332
Improved MLP,0,1,0.648867,0,0.14886701,0,0.14886701
Improved MLP,0,1,0.6477608,0,0.14776081,0,0.14776081
Improved MLP,0,1,0.64756817,0,0.14756817,0,0.14756817
Improved MLP,0,1,0.64684236,0,0.14684236,0,0.14684236
Improved MLP,0,1,0.6459472,0,0.14594722,0,0.14594722
Improved MLP,0,1,0.6459426,0,0.14594263,0,0.14594263
Improved MLP,0,1,0.64545155,0,0.14545155,0,0.14545155
Improved MLP,0,1,0.64509195,0,0.14509195,0,0.14509195
Improved MLP,1,0,0.35525498,0,0.14474502,0,0.14474502
Improved MLP,0,1,0.6444901,0,0.14449012,0,0.14449012
Improved MLP,0,1,0.64361,0,0.14361,0,0.14361
Improved MLP,0,1,0.64350337,0,0.14350337,0,0.14350337
Improved MLP,1,0,0.356581,0,0.143419,0,0.143419
Improved MLP,0,1,0.6428694,0,0.14286941,0,0.14286941
Improved MLP,1,0,0.35734603,0,0.14265397,0,0.14265397
Improved MLP,0,1,0.64221317,0,0.14221317,0,0.14221317
Improved MLP,0,1,0.64160496,0,0.14160496,0,0.14160496
Improved MLP,0,1,0.64011425,0,0.14011425,0,0.14011425
Improved MLP,0,1,0.63972557,0,0.13972557,0,0.13972557
Improved MLP,0,1,0.63880575,0,0.13880575,0,0.13880575
Improved MLP,0,1,0.636117,0,0.13611698,0,0.13611698
Improved MLP,0,1,0.6360789,0,0.1360789,0,0.1360789
Improved MLP,0,1,0.6355015,0,0.1355015,0,0.1355015
Improved MLP,0,1,0.6353094,0,0.1353094,0,0.1353094
Improved MLP,0,1,0.63511693,0,0.13511693,0,0.13511693
Improved MLP,0,1,0.63506436,0,0.13506436,0,0.13506436
Improved MLP,0,1,0.63392156,0,0.13392156,0,0.13392156
Improved MLP,0,1,0.63370293,0,0.13370293,0,0.13370293
Improved MLP,0,1,0.6334863,0,0.13348627,0,0.13348627
Improved MLP,0,1,0.63308144,0,0.13308144,0,0.13308144
Improved MLP,0,1,0.6326589,0,0.1326589,0,0.1326589
Improved MLP,0,1,0.6322584,0,0.13225842,0,0.13225842
Improved MLP,0,1,0.6305168,0,0.13051683,0,0.13051683
Improved MLP,0,1,0.6296747,0,0.12967467,0,0.12967467
Improved MLP,0,1,0.6296176,0,0.12961757,0,0.12961757
Improved MLP,0,1,0.629059,0,0.12905902,0,0.12905902
Improved MLP,0,1,0.6284996,0,0.12849963,0,0.12849963
Improved MLP,0,1,0.6278694,0,0.12786943,0,0.12786943
Improved MLP,0,1,0.62772405,0,0.12772405,0,0.12772405
Improved MLP,0,1,0.6263193,0,0.12631929,0,0.12631929
Improved MLP,0,1,0.62527925,0,0.12527925,0,0.12527925
Improved MLP,0,1,0.6245513,0,0.124551296,0,0.124551296
Improved MLP,0,1,0.6240267,0,0.124026716,0,0.124026716
Improved MLP,0,1,0.6222072,0,0.122207224,0,0.122207224
Improved MLP,0,1,0.6211342,0,0.12113422,0,0.12113422
Improved MLP,1,0,0.37909302,0,0.12090698,0,0.12090698
Improved MLP,0,1,0.6204698,0,0.12046981,0,0.12046981
Improved MLP,0,1,0.61971575,0,0.11971575,0,0.11971575
Improved MLP,0,1,0.61927056,0,0.11927056,0,0.11927056
Improved MLP,0,1,0.6185113,0,0.11851132,0,0.11851132
Improved MLP,0,1,0.6178754,0,0.1178754,0,0.1178754
Improved MLP,0,1,0.6170039,0,0.11700392,0,0.11700392
Improved MLP,0,1,0.6169155,0,0.116915524,0,0.116915524
Improved MLP,0,1,0.61665016,0,0.116650164,0,0.116650164
Improved MLP,0,1,0.616634,0,0.11663401,0,0.11663401
Improved MLP,0,1,0.61630857,0,0.11630857,0,0.11630857
Improved MLP,1,0,0.38377568,0,0.11622432,0,0.11622432
Improved MLP,0,1,0.6161261,0,0.11612612,0,0.11612612
Improved MLP,0,1,0.6159527,0,0.11595267,0,0.11595267
Improved MLP,0,1,0.61593664,0,0.11593664,0,0.11593664
Improved MLP,0,1,0.61566246,0,0.115662456,0,0.115662456
Improved MLP,0,1,0.6155252,0,0.115525186,0,0.115525186
Improved MLP,0,1,0.61544263,0,0.11544263,0,0.11544263
Improved MLP,0,1,0.6153251,0,0.11532509,0,0.11532509
Improved MLP,0,1,0.6144972,0,0.114497185,0,0.114497185
Improved MLP,1,0,0.38570437,0,0.11429563,0,0.11429563
Improved MLP,0,1,0.61365324,0,0.11365324,0,0.11365324
Improved MLP,0,1,0.6130355,0,0.1130355,0,0.1130355
Improved MLP,0,1,0.61290735,0,0.11290735,0,0.11290735
Improved MLP,0,1,0.612678,0,0.11267799,0,0.11267799
Improved MLP,0,1,0.6124888,0,0.112488806,0,0.112488806
Improved MLP,0,1,0.61129063,0,0.11129063,0,0.11129063
Improved MLP,0,1,0.61096054,0,0.11096054,0,0.11096054
Improved MLP,0,1,0.61014104,0,0.11014104,0,0.11014104
Improved MLP,0,1,0.6098863,0,0.10988629,0,0.10988629
Improved MLP,0,1,0.6077451,0,0.10774511,0,0.10774511
Improved MLP,0,1,0.6075498,0,0.10754979,0,0.10754979
Improved MLP,0,1,0.60710984,0,0.107109845,0,0.107109845
Improved MLP,0,1,0.6062071,0,0.10620707,0,0.10620707
Improved MLP,0,1,0.606075,0,0.10607499,0,0.10607499
Improved MLP,0,1,0.605382,0,0.105382025,0,0.105382025
Improved MLP,0,1,0.6052347,0,0.10523468,0,0.10523468
Improved MLP,0,1,0.60436916,0,0.10436916,0,0.10436916
Improved MLP,0,1,0.6042977,0,0.1042977,0,0.1042977
Improved MLP,0,1,0.6038159,0,0.10381591,0,0.10381591
Improved MLP,1,0,0.396937,0,0.10306299,0,0.10306299
Improved MLP,0,1,0.6030474,0,0.10304737,0,0.10304737
Improved MLP,1,0,0.39712927,0,0.10287073,0,0.10287073
Improved MLP,0,1,0.6018378,0,0.101837814,0,0.101837814
Improved MLP,0,1,0.60134137,0,0.10134137,0,0.10134137
Improved MLP,0,1,0.6003539,0,0.1003539,0,0.1003539
Improved MLP,0,1,0.59946364,0,0.09946364,1,0.09946364
Improved MLP,0,1,0.5990722,0,0.09907222,1,0.09907222
Improved MLP,0,1,0.5990415,0,0.09904152,1,0.09904152
Improved MLP,1,0,0.4017303,0,0.0982697,1,0.0982697
Improved MLP,0,1,0.598187,0,0.09818703,1,0.09818703
Improved MLP,1,0,0.4020024,0,0.097997606,1,0.097997606
Improved MLP,0,1,0.5978513,0,0.09785128,1,0.09785128
Improved MLP,0,1,0.5978356,0,0.0978356,1,0.0978356
Improved MLP,0,1,0.5968838,0,0.096883774,1,0.096883774
Improved MLP,0,1,0.5968471,0,0.09684712,1,0.09684712
Improved MLP,0,1,0.5960079,0,0.09600788,1,0.09600788
Improved MLP,1,0,0.40435004,0,0.09564996,1,0.09564996
Improved MLP,0,1,0.5945128,0,0.09451282,1,0.09451282
Improved MLP,0,1,0.59432524,0,0.094325244,1,0.094325244
Improved MLP,0,1,0.59399295,0,0.09399295,1,0.09399295
Improved MLP,0,1,0.593721,0,0.09372097,1,0.09372097
Improved MLP,0,1,0.59344923,0,0.093449235,1,0.093449235
Improved MLP,0,1,0.59295404,0,0.09295404,1,0.09295404
Improved MLP,0,1,0.59226304,0,0.09226304,1,0.09226304
Improved MLP,0,1,0.5917913,0,0.09179127,1,0.09179127
Improved MLP,0,1,0.590919,0,0.09091902,1,0.09091902
Improved MLP,0,1,0.5907771,0,0.0907771,1,0.0907771
Improved MLP,0,1,0.590623,0,0.09062302,1,0.09062302
Improved MLP,1,0,0.4093919,0,0.09060809,1,0.09060809
Improved MLP,0,1,0.5899619,0,0.08996189,1,0.08996189
Improved MLP,0,1,0.5897823,0,0.0897823,1,0.0897823
Improved MLP,0,1,0.5886838,0,0.088683784,1,0.088683784
Improved MLP,0,1,0.5880529,0,0.08805293,1,0.08805293
Improved MLP,0,1,0.58779025,0,0.08779025,1,0.08779025
Improved MLP,0,1,0.58729833,0,0.08729833,1,0.08729833
Improved MLP,0,1,0.58728814,0,0.08728814,1,0.08728814
Improved MLP,0,1,0.58719647,0,0.08719647,1,0.08719647
Improved MLP,0,1,0.58645624,0,0.08645624,1,0.08645624
Improved MLP,0,1,0.5861267,0,0.086126685,1,0.086126685
Improved MLP,1,0,0.4143438,0,0.085656196,1,0.085656196
Improved MLP,0,1,0.58470607,0,0.08470607,1,0.08470607
Improved MLP,0,1,0.5833671,0,0.08336711,1,0.08336711
Improved MLP,1,0,0.4167666,0,0.08323339,1,0.08323339
Improved MLP,0,1,0.58286315,0,0.08286315,1,0.08286315
Improved MLP,0,1,0.5828442,0,0.0828442,1,0.0828442
Improved MLP,0,1,0.58189017,0,0.081890166,1,0.081890166
Improved MLP,0,1,0.58108234,0,0.081082344,1,0.081082344
Improved MLP,0,1,0.58107287,0,0.08107287,1,0.08107287
Improved MLP,0,1,0.5806584,0,0.080658376,1,0.080658376
Improved MLP,0,1,0.58044547,0,0.08044547,1,0.08044547
Improved MLP,0,1,0.58008313,0,0.08008313,1,0.08008313
Improved MLP,0,1,0.5795357,0,0.07953572,1,0.07953572
Improved MLP,0,1,0.57888174,0,0.07888174,1,0.07888174
Improved MLP,0,1,0.578065,0,0.07806498,1,0.07806498
Improved MLP,0,1,0.57720643,0,0.07720643,1,0.07720643
Improved MLP,0,1,0.57598305,0,0.07598305,1,0.07598305
Improved MLP,0,1,0.5757412,0,0.07574117,1,0.07574117
Improved MLP,0,1,0.5752686,0,0.075268626,1,0.075268626
Improved MLP,0,1,0.5752438,0,0.07524377,1,0.07524377
Improved MLP,1,0,0.4247773,0,0.0752227,1,0.0752227
Improved MLP,0,1,0.5729316,0,0.07293159,1,0.07293159
Improved MLP,0,1,0.5729109,0,0.072910905,1,0.072910905
Improved MLP,0,1,0.572527,0,0.07252699,1,0.07252699
Improved MLP,0,1,0.5723576,0,0.072357595,1,0.072357595
Improved MLP,0,1,0.57170933,0,0.071709335,1,0.071709335
Improved MLP,0,1,0.5707547,0,0.07075471,1,0.07075471
Improved MLP,0,1,0.5706606,0,0.07066059,1,0.07066059
Improved MLP,0,1,0.5703339,0,0.0703339,1,0.0703339
Improved MLP,0,1,0.56942034,0,0.06942034,1,0.06942034
Improved MLP,1,0,0.43224427,0,0.06775573,1,0.06775573
Improved MLP,1,0,0.43225583,0,0.067744166,1,0.067744166
Improved MLP,0,1,0.56632715,0,0.066327155,1,0.066327155
Improved MLP,0,1,0.5662909,0,0.066290915,1,0.066290915
Improved MLP,0,1,0.56616306,0,0.06616306,1,0.06616306
Improved MLP,0,1,0.56558126,0,0.06558126,1,0.06558126
Improved MLP,0,1,0.5652718,0,0.065271795,1,0.065271795
Improved MLP,0,1,0.5646358,0,0.06463581,1,0.06463581
Improved MLP,0,1,0.5640945,0,0.064094484,1,0.064094484
Improved MLP,0,1,0.56284535,0,0.06284535,1,0.06284535
Improved MLP,1,0,0.43771017,0,0.062289834,1,0.062289834
Improved MLP,0,1,0.5588572,0,0.058857203,1,0.058857203
Improved MLP,0,1,0.5581365,0,0.058136523,1,0.058136523
Improved MLP,0,1,0.5579889,0,0.057988882,1,0.057988882
Improved MLP,0,1,0.5576706,0,0.057670593,1,0.057670593
Improved MLP,0,1,0.55759513,0,0.057595134,1,0.057595134
Improved MLP,0,1,0.55678546,0,0.056785464,1,0.056785464
Improved MLP,0,1,0.5557417,0,0.055741727,1,0.055741727
Improved MLP,0,1,0.55532646,0,0.05532646,1,0.05532646
Improved MLP,0,1,0.5543579,0,0.054357886,1,0.054357886
Improved MLP,0,1,0.55424273,0,0.05424273,1,0.05424273
Improved MLP,1,0,0.44634652,0,0.05365348,1,0.05365348
Improved MLP,1,0,0.4468183,0,0.053181708,1,0.053181708
Improved MLP,0,1,0.5519558,0,0.05195582,1,0.05195582
Improved MLP,0,1,0.55053204,0,0.050532043,1,0.050532043
Improved MLP,0,1,0.54946816,0,0.04946816,1,0.04946816
Improved MLP,0,1,0.54813695,0,0.04813695,1,0.04813695
Improved MLP,0,1,0.5479445,0,0.047944486,1,0.047944486
Improved MLP,0,1,0.54760414,0,0.047604144,1,0.047604144
Improved MLP,1,0,0.45248085,0,0.047519147,1,0.047519147
Improved MLP,0,1,0.54687154,0,0.046871543,1,0.046871543
Improved MLP,0,1,0.5462407,0,0.046240687,1,0.046240687
Improved MLP,1,0,0.45383087,0,0.046169132,1,0.046169132
Improved MLP,0,1,0.5451172,0,0.0451172,1,0.0451172
Improved MLP,0,1,0.54508096,0,0.04508096,1,0.04508096
Improved MLP,0,1,0.5438159,0,0.04381591,1,0.04381591
Improved MLP,0,1,0.5422803,0,0.042280316,1,0.042280316
Improved MLP,0,1,0.54016626,0,0.04016626,1,0.04016626
Improved MLP,0,1,0.5396106,0,0.039610624,1,0.039610624
Improved MLP,0,1,0.53946185,0,0.03946185,1,0.03946185
Improved MLP,1,0,0.46057412,0,0.03942588,1,0.03942588
Improved MLP,0,1,0.53857476,0,0.038574755,1,0.038574755
Improved MLP,0,1,0.53847003,0,0.03847003,1,0.03847003
Improved MLP,0,1,0.5382067,0,0.038206697,1,0.038206697
Improved MLP,0,1,0.53769207,0,0.03769207,1,0.03769207
Improved MLP,0,1,0.5369476,0,0.036947608,1,0.036947608
Improved MLP,0,1,0.536255,0,0.036255002,1,0.036255002
Improved MLP,0,1,0.5360496,0,0.036049604,1,0.036049604
Improved MLP,0,1,0.5336877,0,0.03368771,1,0.03368771
Improved MLP,0,1,0.53328997,0,0.03328997,1,0.03328997
Improved MLP,0,1,0.5331602,0,0.03316021,1,0.03316021
Improved MLP,0,1,0.5326024,0,0.03260243,1,0.03260243
Improved MLP,0,1,0.5324769,0,0.032476902,1,0.032476902
Improved MLP,0,1,0.5319354,0,0.031935394,1,0.031935394
Improved MLP,0,1,0.53182924,0,0.031829238,1,0.031829238
Improved MLP,0,1,0.53117657,0,0.031176567,1,0.031176567
Improved MLP,0,1,0.53110486,0,0.031104863,1,0.031104863
Improved MLP,0,1,0.530503,0,0.030502975,1,0.030502975
Improved MLP,0,1,0.53036386,0,0.030363858,1,0.030363858
Improved MLP,0,1,0.5302454,0,0.030245423,1,0.030245423
Improved MLP,0,1,0.53022975,0,0.030229747,1,0.030229747
Improved MLP,0,1,0.52844924,0,0.028449237,1,0.028449237
Improved MLP,0,1,0.5276187,0,0.027618706,1,0.027618706
Improved MLP,0,1,0.5266806,0,0.026680589,1,0.026680589
Improved MLP,0,1,0.52610135,0,0.02610135,1,0.02610135
Improved MLP,0,1,0.5260558,0,0.026055813,1,0.026055813
Improved MLP,0,1,0.5256804,0,0.025680423,1,0.025680423
Improved MLP,0,1,0.52543354,0,0.02543354,1,0.02543354
Improved MLP,0,1,0.52359027,0,0.023590267,1,0.023590267
Improved MLP,0,1,0.5230686,0,0.023068607,1,0.023068607
Improved MLP,0,1,0.52279294,0,0.022792935,1,0.022792935
Improved MLP,0,1,0.52248603,0,0.022486031,1,0.022486031
Improved MLP,0,1,0.5223984,0,0.022398412,1,0.022398412
Improved MLP,0,1,0.5217096,0,0.021709621,1,0.021709621
Improved MLP,1,0,0.47837347,0,0.021626532,1,0.021626532
Improved MLP,0,1,0.52122456,0,0.021224558,1,0.021224558
Improved MLP,0,1,0.5200704,0,0.020070374,1,0.020070374
Improved MLP,0,1,0.5200376,0,0.020037591,1,0.020037591
Improved MLP,0,1,0.51921594,0,0.019215941,1,0.019215941
Improved MLP,0,1,0.5188379,0,0.018837929,1,0.018837929
Improved MLP,1,0,0.4819502,0,0.018049806,1,0.018049806
Improved MLP,0,1,0.5179104,0,0.01791042,1,0.01791042
Improved MLP,0,1,0.51780134,0,0.017801344,1,0.017801344
Improved MLP,0,1,0.51775736,0,0.017757356,1,0.017757356
Improved MLP,0,1,0.5172168,0,0.017216802,1,0.017216802
Improved MLP,0,1,0.51716405,0,0.017164052,1,0.017164052
Improved MLP,1,0,0.48323458,0,0.016765416,1,0.016765416
Improved MLP,0,1,0.5153872,0,0.0153871775,1,0.0153871775
Improved MLP,0,1,0.5151248,0,0.015124798,1,0.015124798
Improved MLP,0,1,0.5150777,0,0.01507771,1,0.01507771
Improved MLP,0,1,0.5147326,0,0.014732599,1,0.014732599
Improved MLP,0,1,0.5144314,0,0.014431417,1,0.014431417
Improved MLP,1,0,0.4857159,0,0.014284104,1,0.014284104
Improved MLP,0,1,0.51406044,0,0.014060438,1,0.014060438
Improved MLP,0,1,0.51399237,0,0.013992369,1,0.013992369
Improved MLP,0,1,0.51176924,0,0.011769235,1,0.011769235
Improved MLP,0,1,0.5113065,0,0.011306524,1,0.011306524
Improved MLP,0,1,0.51115984,0,0.011159837,1,0.011159837
Improved MLP,1,0,0.4891232,0,0.010876805,1,0.010876805
Improved MLP,0,1,0.5107803,0,0.010780275,1,0.010780275
Improved MLP,0,1,0.51065236,0,0.010652363,1,0.010652363
Improved MLP,0,1,0.5103744,0,0.010374427,1,0.010374427
Improved MLP,1,0,0.48986754,0,0.010132462,1,0.010132462
Improved MLP,0,1,0.50992507,0,0.009925067,1,0.009925067
Improved MLP,0,1,0.50943345,0,0.009433448,1,0.009433448
Improved MLP,1,0,0.4910758,0,0.008924186,1,0.008924186
Improved MLP,0,1,0.50791484,0,0.007914841,1,0.007914841
Improved MLP,0,1,0.50773096,0,0.007730961,1,0.007730961
Improved MLP,0,1,0.5075784,0,0.007578373,1,0.007578373
Improved MLP,0,1,0.5074846,0,0.007484615,1,0.007484615
Improved MLP,0,1,0.5066723,0,0.0066723228,1,0.0066723228
Improved MLP,0,1,0.5066462,0,0.006646216,1,0.006646216
Improved MLP,0,1,0.50653243,0,0.0065324306,1,0.0065324306
Improved MLP,0,1,0.5062108,0,0.006210804,1,0.006210804
Improved MLP,0,1,0.5056976,0,0.005697608,1,0.005697608
Improved MLP,0,1,0.50567746,0,0.0056774616,1,0.0056774616
Improved MLP,0,1,0.50557697,0,0.005576968,1,0.005576968
Improved MLP,0,1,0.5049026,0,0.0049026012,1,0.0049026012
Improved MLP,0,1,0.5048379,0,0.0048378706,1,0.0048378706
Improved MLP,0,1,0.5035489,0,0.0035489202,1,0.0035489202
Improved MLP,0,1,0.50311077,0,0.0031107664,1,0.0031107664
Improved MLP,0,1,0.5025094,0,0.0025094151,1,0.0025094151
Improved MLP,0,1,0.5022953,0,0.0022953153,1,0.0022953153
Improved MLP,0,1,0.5022416,0,0.0022416115,1,0.0022416115
Improved MLP,1,0,0.49917746,0,0.0008225441,1,0.0008225441
Improved MLP,0,1,0.50027466,0,0.0002746582,1,0.0002746582
Improved MLP,0,1,0.5001012,0,0.00010120869,1,0.00010120869
